,lng,lat,type
0,108.910968,34.241448,2.0
1,108.91098799999999,34.24144888,2.0
2,108.95133999999999,34.261753999999996,2.0
3,108.95251200000001,34.261694,3.0
4,108.948586,34.259107,3.0
5,108.948503,34.259756,2.0
6,108.943471,34.258722999999996,3.0
7,108.967092,34.264129,3.0
8,108.949381,34.253040000000006,3.0
9,108.95133999999999,34.25199,3.0
10,108.95153300000001,34.252072,3.0
11,108.95096399999998,34.249871,2.0
12,108.95172,34.250851000000004,2.0
13,109.000003,34.262167,2.0
14,108.95078590709998,34.258137876599996,2.0
15,109.001562,34.262305,2.0
16,108.97336999999999,34.265281,2.0
17,108.943352,34.261913,2.0
18,108.95846999999999,34.264998999999996,3.0
19,108.947106,34.262606,3.0
20,108.96727,34.258433000000004,2.0
21,108.961472,34.258410999999995,2.0
22,108.963448,34.262931,3.0
23,108.97322199999999,34.264398,3.0
24,108.971277,34.260585,3.0
25,108.95614599999999,34.258238,3.0
26,108.941949,34.258121,2.0
27,108.97336100000001,34.263334,2.0
28,108.95614599999999,34.258238,
29,108.98151000000001,34.26058,3.0
30,108.97511399999999,34.241979,3.0
31,108.94028300000001,34.250187,3.0
32,108.979817,34.261916,3.0
33,108.94422,34.237853,3.0
34,108.93276399999999,34.231665,3.0
35,108.927996,34.251863,3.0
36,108.979929,34.261691,3.0
37,108.963473,34.246072999999996,3.0
38,108.947727,34.251367,3.0
39,108.93992800000001,34.253289,3.0
40,108.949357,34.207905,3.0
41,108.968781,34.242065000000004,2.0
42,108.956667,34.251798,3.0
43,108.93471000000001,34.238712,3.0
44,108.95598000000001,34.24138,3.0
45,108.954324,34.243257,3.0
46,108.94358999999999,34.249611,3.0
47,108.96133999999999,34.238264,2.0
48,108.96375900000001,34.251816999999996,3.0
49,108.97220300000001,34.251633,3.0
50,108.95185500000001,34.241451,3.0
51,108.979252,34.250277000000004,2.0
52,108.98557,34.248121000000005,3.0
53,108.98208500000001,34.252877000000005,2.0
54,108.982355,34.251158000000004,2.0
55,108.98154199999999,34.252225,3.0
56,108.97418,34.252295000000004,3.0
57,108.975321,34.255722999999996,2.0
58,108.975555,34.253489,2.0
59,108.975384,34.253791,3.0
60,108.975371,34.249226,3.0
61,108.960567,34.255948,3.0
62,108.96021200000001,34.255363,3.0
63,108.95389399999999,34.247634000000005,2.0
64,108.953819,34.244792,2.0
65,108.966509,34.254763,3.0
66,108.96667,34.253209000000005,3.0
67,108.99178500000001,34.273222,3.0
68,108.99088,34.274371,1.0
69,108.989797,34.245634,3.0
70,108.99951000000001,34.252206,2.0
71,108.99303300000001,34.242703000000006,2.0
72,108.958758,34.245406,3.0
73,108.968602,34.250510999999996,3.0
74,108.95383000000001,34.249555,2.0
75,108.956323,34.239999,3.0
76,108.94226699999999,34.23713,3.0
77,108.937174,34.241685,2.0
78,108.995827,34.253918,3.0
79,108.989276,34.26958,3.0
80,108.95479499999999,34.243355,2.0
81,108.981793,34.255227000000005,2.0
82,108.98828,34.258782000000004,2.0
83,108.95794099999999,34.254498999999996,2.0
84,108.97211200000001,34.239748,1.0
85,108.953097,34.237832,3.0
86,108.92347600000001,34.245391999999995,2.0
87,108.983801,34.247312,3.0
88,108.99526499999999,34.245178,2.0
89,108.998993,34.251166,3.0
90,108.99093,34.245036,2.0
91,108.999398,34.270782000000004,3.0
92,108.999425,34.270778,3.0
93,108.92951299999999,34.238309,2.0
94,108.931643,34.238384,2.0
95,108.929272,34.236105,2.0
96,108.928269,34.237947999999996,2.0
97,108.98142299999999,34.268078,3.0
98,108.987778,34.265204,3.0
99,108.968305,34.250429,3.0
100,108.96583799999999,34.250271000000005,2.0
101,108.95802900000001,34.249863,2.0
102,108.97951499999999,34.268752,2.0
103,108.967772,34.241946999999996,3.0
104,108.97920400000001,34.26854,2.0
105,108.999698,34.251557,2.0
106,108.95705500000001,34.24714,3.0
107,108.940074,34.237757,3.0
108,108.98389499999999,34.254145,3.0
109,108.972209,34.253423,3.0
110,108.976431,34.254220000000004,3.0
111,108.990251,34.244589000000005,2.0
112,108.99355700000001,34.273185,3.0
113,108.98270500000001,34.252251,2.0
114,108.97791799999999,34.249953999999995,2.0
115,108.94406000000001,34.253371,3.0
116,108.94921000000001,34.250302000000005,2.0
117,108.948627,34.249392,2.0
118,108.95707800000001,34.237860999999995,2.0
119,108.958327,34.245339,3.0
120,108.972458,34.239677,2.0
121,108.97243799999998,34.248324,3.0
122,108.98175400000001,34.258352,3.0
123,108.940344,34.241648,3.0
124,108.934774,34.238099,3.0
125,108.999398,34.270782000000004,3.0
126,108.98216599999999,34.254324,3.0
127,108.99444299999999,34.255093,2.0
128,108.981449,34.263220000000004,3.0
129,108.93324399999999,34.241501,3.0
130,108.933559,34.241625,3.0
131,108.98108400000001,34.254179,3.0
132,108.96940500000001,34.250578999999995,2.0
133,108.89804,34.246241,2.0
134,108.90079899999999,34.246204,2.0
135,108.939597,34.280897,3.0
136,108.939502,34.278728,2.0
137,108.94958999999999,34.270773,3.0
138,108.952541,34.270885,3.0
139,108.951871,34.270631,3.0
140,108.939074,34.269191,3.0
141,108.940624,34.258106,3.0
142,108.932055,34.261468,3.0
143,108.93211799999999,34.258268,3.0
144,108.939278,34.277454,3.0
145,108.949196,34.278453,3.0
146,108.94164099999999,34.261924,3.0
147,108.94225,34.262033,3.0
148,108.93766299999999,34.261723,2.0
149,108.93278,34.261705,3.0
150,108.942423,34.26184,3.0
151,108.936377,34.263915,2.0
152,108.94918999999999,34.279846,2.0
153,108.942466,34.279815,2.0
154,108.93203500000001,34.264611,3.0
155,108.94403100000001,34.274926,3.0
156,108.94919099999998,34.279066,2.0
157,108.949901,34.279879,2.0
158,108.938115,34.261727,3.0
159,108.934205,34.272811,3.0
160,108.94248300000001,34.258523,3.0
161,108.906102,34.247288,2.0
162,108.90606499999998,34.245488,3.0
163,108.907677,34.243660999999996,2.0
164,108.901082,34.256365,2.0
165,108.901028,34.255988,2.0
166,108.916004,34.250254,2.0
167,108.907715,34.242455,2.0
168,108.937572,34.266937,2.0
169,108.94231299999998,34.2616,3.0
170,108.948475,34.29286,2.0
171,108.952479,34.26959,3.0
172,108.937878,34.279746,2.0
173,108.932574,34.279608,2.0
174,108.901425,34.264049,2.0
175,108.901049,34.274613,2.0
176,108.91834399999999,34.264235,2.0
177,108.923116,34.279996000000004,3.0
178,108.938166,34.298728000000004,2.0
179,108.949643,34.29591,2.0
180,108.90493899999998,34.254658,2.0
181,108.91431299999999,34.255033000000005,3.0
182,108.91,34.2637,3.0
183,108.9098,34.2627,2.0
184,108.91953500000001,34.256977,2.0
185,108.894682,34.252280999999996,2.0
186,108.90124499999999,34.269085,3.0
187,108.92877800000001,34.289328999999995,2.0
188,108.9456,34.2977,2.0
189,108.901122,34.266562,2.0
190,108.89210200000001,34.256536,2.0
191,108.93915,34.292320000000004,2.0
192,108.938879,34.292296,2.0
193,108.924287,34.292347,2.0
194,108.90126200000002,34.26045,2.0
195,108.94180700000001,34.29247,2.0
196,108.924573,34.2694,2.0
197,108.917351,34.265799,2.0
198,108.926629,34.269486,2.0
199,108.90155,34.261756,2.0
200,108.901294,34.257049,2.0
201,108.89589699999999,34.263298999999996,2.0
202,108.91668500000002,34.288707,2.0
203,108.89290700000001,34.282227,2.0
204,108.896957,34.291366,3.0
205,108.89779899999999,34.284587,2.0
206,108.89779899999999,34.284587,3.0
207,108.904312,34.240641,2.0
208,108.911429,34.250239,2.0
209,108.893033,34.282422,2.0
210,108.915152,34.28582,2.0
211,108.92146699999999,34.274994,2.0
212,108.915006,34.2794,2.0
213,108.910972,34.256719,3.0
214,108.910972,34.256719,3.0
215,108.911956,34.286296,2.0
216,108.92877,34.287084,2.0
217,108.91426799999999,34.280839,2.0
218,108.917994,34.286396999999994,2.0
219,108.90663,34.286195,2.0
220,108.904564,34.286281,2.0
221,108.921423,34.287943,2.0
222,108.91274299999999,34.273270000000004,2.0
223,108.89471499999999,34.268335,2.0
224,108.89470700000001,34.265459,3.0
225,108.90401999999999,34.244649,3.0
226,108.922836,34.259912,2.0
227,108.86290100000001,34.269888,3.0
228,108.921472,34.255525,3.0
229,108.91757199999999,34.268767,2.0
230,108.92228,34.267723,2.0
231,108.91446,34.268607,2.0
232,108.91779199999999,34.294391,3.0
233,108.87083700000001,34.264833,2.0
234,108.887325,34.256859999999996,1.0
235,108.87273300000001,34.269138,3.0
236,108.916003,34.269187,2.0
237,108.911956,34.286296,2.0
238,108.888411,34.264134999999996,2.0
239,108.88883999999999,34.257034999999995,3.0
240,108.890796,34.286438000000004,
241,108.872285,34.252995,2.0
242,108.872672,34.266088,2.0
243,108.87216699999999,34.261082,3.0
244,108.878495,34.266751,3.0
245,108.870415,34.291353,2.0
246,108.86080700000001,34.285501000000004,3.0
247,108.856778,34.285534999999996,3.0
248,108.85779699999999,34.287458,2.0
249,108.86417,34.292963,2.0
250,108.888369,34.269023,2.0
251,108.89441639,34.244965914,3.0
252,108.959901,34.268178000000006,3.0
253,108.96073899999999,34.267043,2.0
254,108.95665,34.267964,2.0
255,108.95753799999999,34.275225,3.0
256,108.95758700000002,34.274912,3.0
257,108.96695600000001,34.268628,3.0
258,108.95611399999999,34.273778,3.0
259,108.956088,34.268402,3.0
260,108.96696499999999,34.269419,3.0
261,108.966979,34.274293,2.0
262,108.96698300000001,34.275434,3.0
263,108.973409,34.2663,3.0
264,108.9734,34.267029,3.0
265,108.96914,34.272147,2.0
266,108.96783799999999,34.273437,2.0
267,108.97308999999998,34.272297,3.0
268,108.973497,34.268136,3.0
269,108.975195,34.274772,3.0
270,108.976655,34.270803,2.0
271,108.949357,34.237019000000004,2.0
272,108.959446,34.269759,3.0
273,108.973972,34.270459,3.0
274,108.971347,34.270094,3.0
275,108.96096599999998,34.268328000000004,3.0
276,108.976184,34.282436,2.0
277,108.977429,34.276266,2.0
278,108.96791999999999,34.283262,2.0
279,108.977356,34.271152,3.0
280,108.971825,34.270703000000005,3.0
281,108.957516,34.276195,2.0
282,108.973409,34.268933,3.0
283,108.9751,34.273672,2.0
284,108.969513,34.272229,2.0
285,108.97263999999998,34.274776,2.0
286,108.96516799999999,34.280006,2.0
287,108.960722,34.282196,3.0
288,108.96169599999999,34.277894,2.0
289,108.96707099999999,34.277215000000005,2.0
290,108.973299,34.292842,2.0
291,108.98433100000001,34.303765999999996,2.0
292,108.99068100000001,34.301427000000004,2.0
293,108.979134,34.298973,2.0
294,108.962349,34.287704999999995,2.0
295,108.97900700000001,34.277656,2.0
296,108.983199,34.301282,2.0
297,108.98006399999998,34.291303000000006,2.0
298,108.98524099999999,34.284595,2.0
299,108.982817,34.299999,2.0
300,108.98311399999999,34.299583,2.0
301,108.9821135,34.299602,2.0
302,108.981154,34.298963,3.0
303,108.987954,34.297107000000004,2.0
304,109.00128400000001,34.299483,2.0
305,108.943126,34.331638,2.0
306,109.029999,34.305586,2.0
307,109.01268200000001,34.290833,2.0
308,109.020278,34.274484,2.0
309,109.012653,34.279414,1.0
310,109.006041,34.281797,2.0
311,109.021772,34.306628,2.0
312,109.01276499999999,34.250707,2.0
313,108.97814,34.302698,2.0
314,109.007648,34.254332,3.0
315,109.01125400000001,34.25369,2.0
316,109.010178,34.271146,2.0
317,109.010218,34.277851,2.0
318,109.00925900000001,34.270299,2.0
319,109.009262,34.276427000000005,3.0
320,109.054024,34.249602,2.0
321,109.00923700000001,34.289815000000004,2.0
322,109.011032,34.286206,3.0
323,109.01226799999999,34.290833,2.0
324,109.015859,34.270687,3.0
325,109.024247,34.2651,3.0
326,109.02486499999999,34.246316,2.0
327,109.019107,34.308617,2.0
328,109.008951,34.27885,3.0
329,109.013572,34.251449,3.0
330,109.00917,34.291271,2.0
331,109.01076100000002,34.285967,3.0
332,109.01083500000001,34.267979,2.0
333,109.01633500000001,34.273037,2.0
334,109.01888400000001,34.270817,2.0
335,109.020133,34.268675,2.0
336,109.019056,34.266332,2.0
337,109.009474,34.261514,2.0
338,109.00406100000001,34.272698999999996,2.0
339,109.015413,34.259168,2.0
340,109.01900900000001,34.308343,2.0
341,109.02798899999999,34.264839,3.0
342,109.007672,34.300724,2.0
343,109.010447,34.307354,2.0
344,109.00568799999999,34.280749,2.0
345,109.0106111,34.2807,2.0
346,109.024902,34.30715,2.0
347,109.012431,34.260961,2.0
348,109.012522,34.260887,2.0
349,109.03963300000001,34.305954,3.0
350,109.011478,34.262201,2.0
351,109.01513100000001,34.259324,2.0
352,109.0133336,34.253714,2.0
353,109.022429,34.302594,2.0
354,109.00870400000001,34.304331,2.0
355,109.02436999999999,34.294553,2.0
356,109.01299499999999,34.268971,2.0
357,109.006304,34.265357,2.0
358,109.009212,34.283302,2.0
359,109.009823,34.249851,2.0
360,109.022727,34.273455,2.0
361,109.067752,34.27785,2.0
362,109.070241,34.278649,2.0
363,109.070254,34.273644,2.0
364,109.07937199999999,34.274283000000004,2.0
365,109.076981,34.274001,2.0
366,109.07160800000001,34.269677,2.0
367,109.06799299999999,34.260433,2.0
368,109.06355400000001,34.27102,2.0
369,109.076981,34.274001,2.0
370,109.06513100000001,34.264665,2.0
371,109.06576399999999,34.265969,2.0
372,109.08283899999999,34.278063,2.0
373,109.043434,34.272259000000005,2.0
374,109.050808,34.278265000000005,2.0
375,109.050905,34.280091999999996,2.0
376,109.057794,34.285996999999995,3.0
377,109.064176,34.268238000000004,2.0
378,109.07401399999999,34.267887,2.0
379,109.05756399999999,34.279156,2.0
380,109.057055,34.283995000000004,2.0
381,109.08348799999999,34.279965999999995,2.0
382,109.07683899999999,34.281366,2.0
383,109.06023,34.27479,2.0
384,109.071874,34.270641,2.0
385,109.04379099999998,34.266828000000004,2.0
386,109.04379099999998,34.266828000000004,2.0
387,109.07456200000001,34.311433,2.0
388,109.083301,34.317436,2.0
389,109.08348799999999,34.279965999999995,2.0
390,109.07683899999999,34.281366,2.0
391,109.069728,34.284642,2.0
392,109.06935,34.285135,2.0
393,109.076098,34.325594,2.0
394,109.03270800000001,34.300701000000004,2.0
395,109.041242,34.276156,2.0
396,109.03943999999998,34.309849,2.0
397,109.06355400000001,34.27102,2.0
398,109.077444,34.301153,2.0
399,109.073535,34.291668,2.0
400,109.081658,34.304505,2.0
401,109.081658,34.304505,2.0
402,109.081658,34.304505999999996,3.0
403,109.077661,34.279387,2.0
404,109.07968899999999,34.272979,3.0
405,109.080596,34.275718,2.0
406,109.07221799999999,34.260968,2.0
407,109.057694,34.275609,2.0
408,109.051175,34.269152000000005,2.0
409,109.052008,34.262408,2.0
410,109.05627199999999,34.250652,2.0
411,109.06135900000001,34.262112,2.0
412,109.126102,34.307052,2.0
413,109.12518500000002,34.300129,2.0
414,109.12515,34.303005,2.0
415,109.125165,34.307840999999996,3.0
416,109.124204,34.313114,2.0
417,109.12453899999998,34.314761,2.0
418,109.12481100000001,34.318209,2.0
419,109.12491499999999,34.319384,2.0
420,109.124204,34.306430999999996,2.0
421,109.08152700000001,34.27555,2.0
422,109.06509399999999,34.268457,2.0
423,109.076981,34.274001,3.0
424,109.07833400000001,34.27412,2.0
425,109.066345,34.260622,2.0
426,109.06588400000001,34.274388,3.0
427,109.067178,34.280589,2.0
428,109.074289,34.266929,2.0
429,109.07683899999999,34.281366,2.0
430,109.08349,34.282667,2.0
431,109.051805,34.272314,2.0
432,109.052618,34.266022,2.0
433,109.043727,34.268778999999995,2.0
434,109.057578,34.287607,2.0
435,109.057621,34.288524,3.0
436,109.055718,34.284335999999996,3.0
437,108.93355600000001,34.368885,2.0
438,109.04835800000001,34.279163,2.0
439,108.936323,34.36945,2.0
440,109.064571,34.287973,2.0
441,109.083003,34.317045,2.0
442,109.057783,34.2771,2.0
443,109.123826,34.316194,2.0
444,109.075655,34.300212,2.0
445,109.07141499999999,34.300145,3.0
446,109.081658,34.304509,2.0
447,109.124632,34.305053,2.0
448,109.043434,34.272259000000005,2.0
449,109.055305,34.296032000000004,2.0
450,109.046958,34.292077,2.0
451,109.05415500000001,34.288142,2.0
452,109.050271,34.286406,2.0
453,109.05096599999999,34.29164,2.0
454,109.051996,34.294496,2.0
455,109.05161299999999,34.288938,2.0
456,109.052139,34.292868,2.0
457,109.055327,34.295953999999995,2.0
458,109.04654599999999,34.293768,2.0
459,109.04713400000001,34.294087,2.0
460,109.04793500000001,34.294334,2.0
461,109.07616000000002,34.323067,2.0
462,109.061848,34.340513,2.0
463,109.06151100000001,34.306773,2.0
464,109.061651,34.300655,2.0
465,109.081658,34.304505,2.0
466,109.084001,34.298626,2.0
467,109.081872,34.302302000000005,2.0
468,109.08134220000001,34.302018,2.0
469,109.06948799999999,34.297894,
470,109.070452,34.295695,2.0
471,109.07421000000001,34.297470000000004,2.0
472,109.07158700000001,34.296784,2.0
473,109.068964,34.295084,2.0
474,109.069359,34.295293,2.0
475,109.075166,34.276461,2.0
476,109.039282,34.36108,2.0
477,109.07580800000001,34.275069,2.0
478,109.07750700000001,34.278304,2.0
479,108.957505,34.311436,2.0
480,108.940545,34.302183,2.0
481,108.952127,34.315690000000004,2.0
482,108.951073,34.305792,3.0
483,108.94708500000002,34.305763,2.0
484,108.95425300000001,34.311305,2.0
485,108.954415,34.311141,2.0
486,108.956203,34.311234000000006,3.0
487,108.98019599999999,34.321878000000005,3.0
488,108.978633,34.320015000000005,3.0
489,108.954604,34.30577,2.0
490,108.95278,34.315703000000006,2.0
491,108.96038,34.316057,2.0
492,108.96693300000001,34.315649,3.0
493,108.94823899999999,34.299599,2.0
494,108.94563400000001,34.314412,2.0
495,108.99059,34.314945,2.0
496,108.96309699999999,34.315358,2.0
497,108.942274,34.314367,2.0
498,108.941116,34.31304,3.0
499,108.960222,34.313838,2.0
500,108.96003400000001,34.313033000000004,2.0
501,108.960842,34.31474,2.0
502,108.964238,34.311594,2.0
503,108.94248999999999,34.299785,3.0
504,108.940451,34.314307,2.0
505,108.974905,34.33724,2.0
506,108.99342800000001,34.314714,2.0
507,108.95010800000001,34.301716,2.0
508,108.95010800000001,34.301716,2.0
509,108.95010800000001,34.301716,2.0
510,108.95010800000001,34.301716,3.0
511,108.93686699999999,34.307992999999996,2.0
512,108.98163799999999,34.309,2.0
513,108.948279,34.313413,3.0
514,108.94863000000001,34.311892,2.0
515,108.948378,34.314501,2.0
516,108.97526599999999,34.323463000000004,3.0
517,108.99265600000001,34.312034000000004,2.0
518,108.99724599999999,34.335307,2.0
519,108.985556,34.314064,2.0
520,108.952762,34.30437,2.0
521,108.942306,34.310945000000004,2.0
522,109.01075,34.316627000000004,2.0
523,109.021584,34.311842,3.0
524,108.970704,34.328568,3.0
525,108.97589599999999,34.328478000000004,3.0
526,108.970578,34.338598,3.0
527,108.972968,34.338435,2.0
528,108.989319,34.311368,2.0
529,108.995659,34.319326000000004,2.0
530,108.99535300000001,34.31706,2.0
531,108.995318,34.319072,2.0
532,108.963392,34.310812,3.0
533,108.98026200000001,34.335811,2.0
534,108.995605,34.328761,2.0
535,109.005091,34.372826,2.0
536,109.010122,34.371038,2.0
537,108.969536,34.329328000000004,3.0
538,108.96948200000001,34.329223,2.0
539,108.9741,34.328463,2.0
540,108.974746,34.316806,2.0
541,108.974764,34.318670000000004,2.0
542,108.973525,34.317686,3.0
543,109.000128,34.401227,2.0
544,109.000128,34.401227,2.0
545,108.985863,34.397704,2.0
546,108.98873799999998,34.398509000000004,2.0
547,108.990606,34.398396999999996,2.0
548,109.011626,34.310781,2.0
549,108.967793,34.324304,3.0
550,109.06589,34.264783,2.0
551,108.98319,34.312125,3.0
552,109.003169,34.37722,2.0
553,108.96258300000001,34.349969,2.0
554,108.96843999999999,34.347257,2.0
555,108.96456,34.353695,3.0
556,109.011626,34.310781,2.0
557,108.98258,34.324543,3.0
558,108.990642,34.333147,2.0
559,108.96943600000002,34.325191,3.0
560,108.96779099999999,34.326240000000006,2.0
561,109.01225500000001,34.327806,3.0
562,109.02201399999998,34.337632,2.0
563,109.00784399999999,34.402390999999994,2.0
564,108.99579399999999,34.408811,2.0
565,108.991299,34.36032,2.0
566,108.976378,34.385819,2.0
567,108.988122,34.387037,2.0
568,109.009622,34.312173,2.0
569,108.98905900000001,34.375469,2.0
570,108.846245,34.266104,2.0
571,108.973501,34.325509000000004,3.0
572,108.976308,34.325494,2.0
573,109.011582,34.1914,2.0
574,109.010176,34.365483000000005,2.0
575,109.01998200000001,34.339026000000004,3.0
576,109.012768,34.343533,2.0
577,109.01448300000001,34.388816999999996,2.0
578,108.98867299999999,34.335328999999994,2.0
579,108.969017,34.347491999999995,2.0
580,108.996652,34.386059,2.0
581,108.982274,34.3218,3.0
582,109.000522,34.323001,2.0
583,108.98348200000001,34.369281,2.0
584,109.00028400000001,34.37383,2.0
585,108.990086,34.381256,2.0
586,108.961118,34.225184999999996,2.0
587,108.97711100000001,34.359633,2.0
588,108.927719,34.30087,2.0
589,108.994229,34.378840999999994,3.0
590,108.928008,34.304875,2.0
591,109.07076299999999,34.243652000000004,2.0
592,108.96483700000002,34.369702000000004,2.0
593,108.907968,34.190977000000004,2.0
594,108.99518400000001,34.312988,2.0
595,109.00947099999999,34.313989,2.0
596,109.01593999999999,34.297416999999996,2.0
597,108.968079,34.3455,2.0
598,108.98155200000001,34.358921,2.0
599,108.953779,34.23559,3.0
600,108.94863500000001,34.22996,2.0
601,108.9518,34.2192,3.0
602,108.950231,34.231848,3.0
603,108.96296799999999,34.231856,2.0
604,108.929874,34.225514000000004,2.0
605,108.93724499999999,34.22602,3.0
606,108.946146,34.208267,3.0
607,108.94191299999999,34.209203,2.0
608,108.94191799999999,34.20733,2.0
609,108.941891,34.212047,3.0
610,108.94393000000001,34.208161,3.0
611,108.92603000000001,34.203643,2.0
612,108.923626,34.204094,2.0
613,108.93500700000001,34.203891999999996,2.0
614,108.914627,34.206167,3.0
615,108.90673899999999,34.206916,2.0
616,108.92268700000001,34.214125,3.0
617,108.941327,34.197540999999994,2.0
618,108.926375,34.22387,2.0
619,108.93082199999999,34.230907,2.0
620,108.930525,34.230435,3.0
621,108.93381299999999,34.235621,3.0
622,108.94041499999999,34.233457,3.0
623,108.93438700000002,34.23333,3.0
624,108.92878200000001,34.233053999999996,3.0
625,108.951756,34.220773,3.0
626,108.950399,34.217809,3.0
627,108.95314599999999,34.221568,3.0
628,108.946781,34.212993,2.0
629,108.94676000000001,34.209154,3.0
630,108.934835,34.203813000000004,2.0
631,108.934835,34.207792,3.0
632,108.940423,34.212728999999996,3.0
633,108.94292,34.217971,3.0
634,108.946141,34.215282,2.0
635,108.93138799999998,34.19722,2.0
636,108.92562099999999,34.208401,2.0
637,108.930957,34.197369,2.0
638,108.933302,34.226099,3.0
639,108.905377,34.206117,2.0
640,108.92178999999999,34.20686,2.0
641,108.93088,34.214473999999996,3.0
642,108.94766399999999,34.202740000000006,3.0
643,108.951168,34.208293,3.0
644,108.941574,34.220652,3.0
645,108.951756,34.220773,2.0
646,108.952322,34.215312,2.0
647,108.949178,34.215282,3.0
648,108.96753999999999,34.22548,2.0
649,108.930116,34.215907,3.0
650,108.92183600000001,34.227886,2.0
651,108.928491,34.226013,3.0
652,108.939497,34.220532,3.0
653,108.92373,34.21415,1.0
654,108.99004199999999,34.241206,2.0
655,108.90236999999999,34.20332,2.0
656,108.947771,34.204388,2.0
657,108.947696,34.19594,2.0
658,108.950441,34.201384000000004,2.0
659,108.941172,34.194352,3.0
660,108.91828899999999,34.200207,2.0
661,108.9476,34.197556,3.0
662,108.9476,34.197556,3.0
663,108.982122,34.245279,3.0
664,108.982122,34.245279,2.0
665,108.97333400000001,34.217913,2.0
666,108.919549,34.205099,2.0
667,108.92613100000001,34.210987,2.0
668,108.96956200000001,34.203043,3.0
669,108.959907,34.200891999999996,2.0
670,108.941787,34.18675,2.0
671,108.93823,34.196369,2.0
672,108.938134,34.196851,2.0
673,108.914693,34.206208000000004,2.0
674,108.91516899999999,34.207905,2.0
675,108.907021,34.204296,2.0
676,108.93118100000001,34.22279,2.0
677,108.93118100000001,34.22279,2.0
678,108.944034,34.233489,3.0
679,108.951502,34.209185,2.0
680,108.96146499999999,34.197798,2.0
681,108.96085900000001,34.19769,2.0
682,108.914348,34.205989,2.0
683,108.93020200000001,34.204369,2.0
684,108.932023,34.204253,2.0
685,108.928274,34.200187,3.0
686,108.945652,34.204287,3.0
687,108.93935400000001,34.204561,3.0
688,108.94936100000001,34.204367,2.0
689,108.896179,34.184566,2.0
690,108.910799,34.185126000000004,3.0
691,108.92613100000001,34.210987,2.0
692,108.930752,34.200111,2.0
693,108.930154,34.19927,2.0
694,108.93491100000001,34.199552000000004,2.0
695,108.96198799999999,34.208026000000004,2.0
696,108.951907,34.191173,3.0
697,108.945,34.18492,3.0
698,108.931,34.1822,2.0
699,108.936383,34.188452000000005,3.0
700,108.931933,34.188635999999995,3.0
701,108.93758999999999,34.208059999999996,2.0
702,108.95470800000001,34.221578,2.0
703,108.96289099999998,34.206307,2.0
704,108.955471,34.198004,3.0
705,108.939972,34.217953,2.0
706,108.94926000000001,34.20135,3.0
707,108.934849,34.196021,2.0
708,108.92231899999999,34.190284000000005,2.0
709,108.92416599999999,34.19923,2.0
710,108.90335900000001,34.200134999999996,3.0
711,108.941927,34.214433,2.0
712,108.904453,34.176832,3.0
713,108.91781100000001,34.214081,3.0
714,108.946845,34.218007,2.0
715,108.93509399999999,34.190862,3.0
716,108.894023,34.182269,3.0
717,108.89798600000002,34.180271000000005,3.0
718,108.941805,34.196166999999996,2.0
719,109.01391399999999,34.263119,2.0
720,108.93829699999999,34.211222,2.0
721,108.93829699999999,34.211222,2.0
722,108.93829699999999,34.211222,2.0
723,108.93829699999999,34.211220000000004,2.0
724,108.942187,34.21182,2.0
725,108.93829699999999,34.211222,2.0
726,108.924453,34.230942999999996,3.0
727,108.92613100000001,34.210987,2.0
728,108.93163999999999,34.20122,2.0
729,108.971002,34.211376,2.0
730,108.98751999999999,34.20194,2.0
731,108.98801999999999,34.20162,2.0
732,108.96293100000001,34.232079,2.0
733,108.96293100000001,34.232079,2.0
734,108.96293100000001,34.232079,2.0
735,108.96293100000001,34.232079,2.0
736,108.911753,34.242271,3.0
737,108.909255,34.238421,3.0
738,108.91018999999999,34.239872999999996,2.0
739,108.89158400000001,34.225888,2.0
740,108.890286,34.225992,2.0
741,108.88817,34.240916999999996,2.0
742,108.888548,34.241051,2.0
743,108.888503,34.236119,3.0
744,108.888125,34.236925,2.0
745,108.89815,34.220494,2.0
746,108.897742,34.222211,3.0
747,108.899413,34.223345,2.0
748,108.90851,34.239228999999995,3.0
749,108.91923100000001,34.236044,2.0
750,108.91712,34.232797999999995,3.0
751,108.916797,34.232510999999995,3.0
752,108.88816000000001,34.196185,2.0
753,108.90079899999999,34.23964,2.0
754,108.91658999999999,34.224392,2.0
755,108.91442099999999,34.225355,3.0
756,108.91638300000001,34.224789,3.0
757,108.91163999999999,34.226815,3.0
758,108.90624199999999,34.21761,3.0
759,108.907859,34.221241,3.0
760,108.90898100000001,34.220469,3.0
761,108.9105,34.232788,3.0
762,108.910446,34.232923,2.0
763,108.90917900000001,34.232307,2.0
764,108.91139299999999,34.224215,2.0
765,108.910531,34.227356,3.0
766,108.90803799999999,34.231097999999996,2.0
767,108.90860900000001,34.218498,2.0
768,108.911717,34.224461,3.0
769,108.911079,34.226774,3.0
770,108.90803799999999,34.231097999999996,3.0
771,108.90705,34.217386,3.0
772,108.907427,34.216793,3.0
773,108.91370900000001,34.231363,3.0
774,108.91984,34.228770000000004,2.0
775,108.915403,34.238888,2.0
776,108.91746,34.238015000000004,2.0
777,108.920379,34.230882,2.0
778,108.917846,34.229517,3.0
779,108.86359499999999,34.193042999999996,2.0
780,108.86359499999999,34.193042999999996,2.0
781,108.90831200000001,34.236911,2.0
782,108.90087,34.230692,3.0
783,108.90738700000001,34.245505,3.0
784,108.905946,34.236059000000004,2.0
785,108.90703300000001,34.237390999999995,2.0
786,108.89905300000001,34.231895,2.0
787,108.899026,34.23764,2.0
788,108.899825,34.224959000000005,2.0
789,108.898366,34.225455,3.0
790,108.91086999999999,34.243388,2.0
791,108.90806699999999,34.244664,3.0
792,108.90789,34.231765,3.0
793,108.902133,34.222867,2.0
794,108.901688,34.222852,2.0
795,108.89638400000001,34.244533000000004,2.0
796,108.909677,34.246803,3.0
797,108.912421,34.245605,2.0
798,108.897123,34.231445,3.0
799,108.897325,34.231246999999996,2.0
800,108.883801,34.237346,2.0
801,108.89363300000001,34.231493,3.0
802,108.89176299999998,34.228491999999996,3.0
803,108.882021,34.203117,2.0
804,108.87812199999999,34.227763,2.0
805,108.878234,34.227703000000005,2.0
806,108.893042,34.216178,2.0
807,108.89281799999999,34.216260999999996,2.0
808,108.89018200000001,34.215436,2.0
809,108.890151,34.215526000000004,2.0
810,108.888269,34.230412,3.0
811,108.886724,34.228559000000004,2.0
812,108.88211499999998,34.228626,3.0
813,108.886293,34.234221999999995,3.0
814,108.891278,34.23417,2.0
815,108.882365,34.231511,3.0
816,108.883804,34.237401,2.0
817,108.883777,34.229335,2.0
818,108.88375900000001,34.228014,2.0
819,108.88379499999999,34.233215,2.0
820,108.882365,34.231511,2.0
821,108.886278,34.238574,2.0
822,108.88826499999999,34.224446,2.0
823,108.888503,34.2242,3.0
824,108.88659299999999,34.201985,2.0
825,108.88211499999998,34.198541,2.0
826,108.882124,34.201933000000004,3.0
827,108.87523,34.189913,2.0
828,108.88002900000001,34.187517,2.0
829,108.865847,34.19105,2.0
830,108.870042,34.208999,3.0
831,108.847971,34.195958000000005,2.0
832,108.85164099999999,34.197378,2.0
833,108.84908,34.197378,2.0
834,108.84605800000001,34.194181,2.0
835,108.84808799999999,34.19595,2.0
836,108.88835900000001,34.215241,2.0
837,108.888251,34.215599,2.0
838,108.878841,34.249291,2.0
839,108.883205,34.253754,2.0
840,108.891425,34.252769,2.0
841,108.875543,34.255136,2.0
842,108.873815,34.251259999999995,2.0
843,108.86889599999999,34.251360999999996,3.0
844,108.88633700000001,34.248534,2.0
845,108.886467,34.248616,2.0
846,108.88118500000002,34.246371999999994,3.0
847,108.885434,34.246282,2.0
848,108.881176,34.246417,3.0
849,108.88594599999999,34.246357,2.0
850,108.884798,34.248463,2.0
851,108.88336100000001,34.244949,3.0
852,108.855025,34.255488,2.0
853,108.88191200000001,34.234311,2.0
854,108.885801,34.185556,3.0
855,108.879948,34.185623,2.0
856,108.862372,34.187585999999996,3.0
857,108.86221,34.187922,2.0
858,108.876875,34.177693,2.0
859,108.87586,34.179612,2.0
860,108.875419,34.179784000000005,2.0
861,108.88544099999999,34.177832,2.0
862,108.885283,34.177855,2.0
863,108.88544099999999,34.177832,3.0
864,108.885202,34.181248,2.0
865,108.88323500000001,34.183811999999996,2.0
866,108.88418200000001,34.183715,3.0
867,108.88418200000001,34.183715,2.0
868,108.877908,34.183846,2.0
869,108.87699599999999,34.182013,2.0
870,108.875851,34.175939,2.0
871,108.87554499999999,34.176271,3.0
872,108.88113700000001,34.179288,2.0
873,108.880028,34.179239,2.0
874,108.873636,34.17971,2.0
875,108.8725,34.182165999999995,2.0
876,108.876605,34.177246000000004,2.0
877,108.874526,34.177757,2.0
878,108.87373500000001,34.17735,2.0
879,108.87458600000001,34.175379,2.0
880,108.877153,34.181289,2.0
881,108.88461299999999,34.193863,2.0
882,108.94618100000001,34.32891,3.0
883,108.94618100000001,34.3289,3.0
884,108.94618100000001,34.32889,2.0
885,108.94508300000001,34.329767,2.0
886,108.94508300000001,34.329767,2.0
887,108.96343700000001,34.319973,2.0
888,108.937653,34.31673,2.0
889,108.943959,34.317566,3.0
890,108.994107,34.317262,3.0
891,108.941546,34.337214,2.0
892,108.960903,34.35,2.0
893,108.955422,34.344796,2.0
894,108.948374,34.345215,2.0
895,108.95038400000001,34.343410999999996,2.0
896,108.951553,34.340813,2.0
897,108.955047,34.324126,3.0
898,108.994107,34.317262,2.0
899,108.93446599999999,34.317744,2.0
900,108.940027,34.326640999999995,2.0
901,108.940027,34.326642,2.0
902,108.940027,34.326643,2.0
903,108.940027,34.326644,2.0
904,108.940027,34.326645,2.0
905,108.940027,34.326646000000004,2.0
906,108.940027,34.326646999999994,2.0
907,108.940027,34.326648,2.0
908,108.965879,34.336205,2.0
909,108.942247,34.332859,2.0
910,108.95956899999999,34.335947999999995,3.0
911,108.93401599999999,34.353472,2.0
912,108.950644,34.353621000000004,2.0
913,108.950446,34.353592,2.0
914,108.941598,34.353413,3.0
915,108.960283,34.326653,3.0
916,108.95383999999999,34.318690000000004,2.0
917,108.96036399999998,34.334903000000004,3.0
918,108.960247,34.317240000000005,3.0
919,108.96349,34.342855,2.0
920,108.946575,34.326512,3.0
921,108.963544,34.326549,2.0
922,108.940835,34.330559,2.0
923,108.946596,34.353522,2.0
924,108.923492,34.340824,2.0
925,108.928168,34.353367999999996,2.0
926,108.994107,34.317262,2.0
927,108.94400300000001,34.361036999999996,2.0
928,108.940027,34.326640999999995,2.0
929,108.944562,34.355477,2.0
930,108.926101,34.349765000000005,2.0
931,108.957714,34.355968,2.0
932,108.949494,34.343503000000005,2.0
933,108.881956,34.207905,2.0
934,108.963373,34.353656,2.0
935,108.947577,34.361575,3.0
936,108.94161000000001,34.32031,2.0
937,108.94291299999999,34.361345,2.0
938,108.939673,34.319859,3.0
939,108.943008,34.317858,3.0
940,108.90332,34.328154999999995,2.0
941,108.936407,34.332399,3.0
942,108.93636799999999,34.334139,3.0
943,108.963495,34.330537,2.0
944,108.962322,34.34313,2.0
945,108.947985,34.343726000000004,2.0
946,108.92759299999999,34.343264000000005,3.0
947,108.95886100000001,34.380262,2.0
948,108.940168,34.32159,2.0
949,108.93375800000001,34.323816,2.0
950,108.93701100000001,34.326504,2.0
951,108.938915,34.335963,2.0
952,108.93213700000001,34.335657,2.0
953,108.933353,34.335922,3.0
954,108.94000600000001,34.343282,2.0
955,108.93245,34.343209,2.0
956,108.93111200000001,34.343309000000005,2.0
957,108.3931185,34.343133,2.0
958,108.927549,34.343114,2.0
959,108.942976,34.353564,2.0
960,108.964049,34.355287,2.0
961,108.93755700000001,34.319773,3.0
962,108.93980230000001,34.319803,3.0
963,108.939182,34.330616,2.0
964,108.95916000000001,34.343384,3.0
965,108.946722,34.36439,3.0
966,108.94695700000001,34.364605,3.0
967,108.94071000000001,34.364125,2.0
968,108.94313100000001,34.3674376,2.0
969,108.972054,34.216341,2.0
970,108.994949,34.211201,2.0
971,109.02301999999999,34.241494,2.0
972,109.02301999999999,34.241494,2.0
973,109.017183,34.2018,2.0
974,108.96558999999999,34.19856,3.0
975,108.971076,34.210347,2.0
976,108.971076,34.210347,2.0
977,108.96736999999999,34.20418,2.0
978,108.96736999999999,34.20418,2.0
979,109.00026499999998,34.212198,2.0
980,108.97985800000001,34.205121000000005,2.0
981,108.98435400000001,34.205077,2.0
982,108.99279299999999,34.200175,2.0
983,108.96643,34.22547,2.0
984,108.961722,34.177131,2.0
985,108.961648,34.167590000000004,2.0
986,108.961754,34.166565000000006,3.0
987,108.961781,34.172901,2.0
988,108.965919,34.175652,3.0
989,109.005618,34.205937,3.0
990,108.959601,34.175618,3.0
991,108.95271100000001,34.175551,2.0
992,108.95161100000001,34.17548,2.0
993,108.95271100000001,34.17555,3.0
994,109.00752800000001,34.322117,2.0
995,109.032552,34.214245,2.0
996,108.99170600000001,34.227893,3.0
997,108.98513500000001,34.20789,2.0
998,108.97731,34.197641,2.0
999,108.978776,34.203723,3.0
1000,108.978776,34.203723,3.0
1001,108.968979,34.197573999999996,2.0
1002,108.978776,34.203723,2.0
1003,108.980101,34.203911,3.0
1004,108.99646000000001,34.180765,3.0
1005,108.99646000000001,34.180761,3.0
1006,108.99646000000001,34.180761,2.0
1007,108.977985,34.229979,2.0
1008,109.00014099999999,34.212338,2.0
1009,108.995097,34.216654999999996,2.0
1010,108.999574,34.212814,3.0
1011,108.987574,34.223822999999996,3.0
1012,108.987569,34.223628000000005,3.0
1013,108.98763799999999,34.224002,3.0
1014,108.987524,34.223889,2.0
1015,108.990095,34.226531,2.0
1016,108.965723,34.196718,2.0
1017,108.968223,34.198792,3.0
1018,108.968379,34.196718,3.0
1019,108.96776799999999,34.197703999999995,3.0
1020,108.96700600000001,34.197693,3.0
1021,108.968006,34.19529,3.0
1022,108.96711,34.19692,1.0
1023,108.999196,34.220836,3.0
1024,108.998202,34.219714,2.0
1025,108.983364,34.199289,2.0
1026,108.986682,34.199253999999996,2.0
1027,109.002792,34.205931,3.0
1028,108.964054,34.215543,3.0
1029,108.97676200000001,34.199265000000004,3.0
1030,108.981679,34.199418,3.0
1031,108.993265,34.228590999999994,3.0
1032,108.995151,34.226901,2.0
1033,108.997786,34.223896999999994,2.0
1034,108.969604,334.19647799999996,1.0
1035,108.969699,34.196939,3.0
1036,109.013374,34.217349,3.0
1037,109.015662,34.218708,3.0
1038,108.979177,34.229310999999996,2.0
1039,109.004737,34.237809999999996,2.0
1040,109.01564099999999,34.230484000000004,2.0
1041,109.014821,34.230349,2.0
1042,109.008852,34.23117,2.0
1043,109.008852,34.23117,2.0
1044,109.004056,34.249713,2.0
1045,108.980947,34.232501,3.0
1046,108.98456999999999,34.230290000000004,3.0
1047,108.99968500000001,34.233215,3.0
1048,108.987121,34.231277,3.0
1049,108.996955,34.232208,3.0
1050,108.991882,34.233117,2.0
1051,108.930369,34.219993,3.0
1052,108.920699,34.188844,3.0
1053,109.00361799999999,34.238194,2.0
1054,108.96418,34.22551,2.0
1055,109.0068,34.2481,3.0
1056,108.98713000000001,34.234703,2.0
1057,108.98581000000001,34.233259999999994,2.0
1058,108.973031,34.229375,2.0
1059,108.979054,34.229442,2.0
1060,108.98085,34.229403999999995,2.0
1061,108.989236,34.232158,3.0
1062,109.012727,34.241607,2.0
1063,109.015565,34.242849,3.0
1064,109.017874,34.243737,2.0
1065,109.01853,34.244293,3.0
1066,109.016527,34.243424,3.0
1067,108.996059,34.235105,3.0
1068,108.98657299999999,34.231296,2.0
1069,108.979358,34.229721999999995,2.0
1070,108.97886100000001,34.22968,2.0
1071,108.993749,34.240545000000004,2.0
1072,108.968898,34.225295,3.0
1073,108.974492,34.225362,3.0
1074,108.97801299999999,34.224037,3.0
1075,109.013472,34.232174,2.0
1076,109.026793,34.234485,2.0
1077,109.026793,34.234485,2.0
1078,109.008852,34.23117,2.0
1079,108.982942,34.156835,2.0
1080,108.982942,34.156932,2.0
1081,108.983695,34.178395,2.0
1082,108.980846,34.166756,2.0
1083,108.98339299999999,34.164302,2.0
1084,108.983131,34.165964,2.0
1085,108.98339299999999,34.1643021,3.0
1086,108.99149799999999,34.170344,3.0
1087,108.95750600000001,34.174269,3.0
1088,108.97428899999998,34.165469,3.0
1089,108.971121,34.168065000000006,2.0
1090,108.96585300000001,34.175644,3.0
1091,108.98349099999999,34.201284,2.0
1092,108.96893500000002,34.168084,2.0
1093,108.980682,34.170555,2.0
1094,108.98096899999999,34.170547,2.0
1095,109.008852,34.23117,2.0
1096,109.008852,34.23117,2.0
1097,108.83666000000001,34.176928000000004,2.0
1098,108.836982,34.176901,2.0
1099,108.984518,34.173953000000004,3.0
1100,108.974426,34.168468,3.0
1101,108.97776299999998,34.174013,2.0
1102,108.96886299999998,34.168008,2.0
1103,108.96931200000002,34.167967,2.0
1104,108.848602,34.335889,2.0
1105,108.848557,34.336077,2.0
1106,108.84218600000001,34.326696000000005,2.0
1107,108.84811,34.30449,2.0
1108,108.84815,34.306674,2.0
1109,108.848,34.3236,2.0
1110,108.84871899999999,34.320563,2.0
1111,108.848074,34.31889,2.0
1112,108.84168100000001,34.309022999999996,2.0
1113,108.84168100000001,34.303829,2.0
1114,108.84828999999999,34.303928000000006,2.0
1115,108.84163899999999,34.303032,2.0
1116,108.84196000000001,34.30149,2.0
1117,108.841799,34.300678999999995,2.0
1118,108.84196000000001,34.297395,2.0
1119,108.848703,34.304041,2.0
1120,108.847169,34.297128,3.0
1121,108.83828000000001,34.29432,3.0
1122,108.838154,34.295028,2.0
1123,108.831973,34.259163,2.0
1124,108.831973,34.263395,2.0
1125,108.838154,34.295028,2.0
1126,108.831973,34.276223,2.0
1127,108.826476,34.298183,2.0
1128,108.828659,34.289892,2.0
1129,108.83160500000001,34.284575,2.0
1130,108.831722,34.281533,2.0
1131,108.83183899999999,34.277229999999996,2.0
1132,108.831639,34.271771,2.0
1133,108.831848,34.267871,3.0
1134,108.83186599999999,34.263888,2.0
1135,108.83185700000001,34.260844,2.0
1136,108.830193,34.265903,2.0
1137,108.830036,34.265646000000004,2.0
1138,108.83329199999999,34.265627,2.0
1139,108.81340900000001,34.26538,2.0
1140,108.85752600000001,34.265063,2.0
1141,108.806374,34.265453,2.0
1142,108.831492,34.297565000000006,3.0
1143,108.83912099999999,34.295835,2.0
1144,108.839952,34.295559000000004,3.0
1145,108.843719,34.294429,2.0
1146,108.83994299999999,34.296147999999995,2.0
1147,108.840544,34.295753999999995,2.0
1148,108.835578,34.296421,3.0
1149,108.837119,34.297422,2.0
1150,108.837452,34.297266,2.0
1151,108.831779,34.300743,2.0
1152,109.1411,34.3947,2.0
1153,109.149,34.404,2.0
1154,109.235161,34.663616999999995,2.0
1155,109.1258,34.3954,3.0
1156,109.1258,34.3954,2.0
1157,109.1327,34.3953,3.0
1158,109.1327,34.3953,2.0
1159,109.1335,34.3941,2.0
1160,109.1344,34.3959,2.0
1161,109.1345,34.3921,2.0
1162,109.1411,34.3947,2.0
1163,109.1343,34.3953,2.0
1164,109.1343,34.3953,2.0
1165,109.23565900000001,34.671017,2.0
1166,109.235574,34.667584000000005,2.0
1167,109.1335,34.3932,3.0
1168,109.1325,34.3928,2.0
1169,109.1407,34.3948,2.0
1170,109.1407,34.3948,2.0
1171,109.1322,34.3953,2.0
1172,109.1316,34.3956,3.0
1173,109.1316,34.3956,2.0
1174,109.149,34.404,2.0
1175,109.22253300000001,34.664449,2.0
1176,109.2495,34.6645,2.0
1177,109.2526,34.6646,2.0
1178,109.2205,34.6647,2.0
1179,109.2204,34.6664,2.0
1180,109.3947,34.3947,3.0
1181,109.1311,34.3949,2.0
1182,109.13,34.3928,2.0
1183,109.1314,34.3955,2.0
1184,109.1323,34.3954,2.0
1185,109.1224,34.385,2.0
1186,109.1212,34.3849,2.0
1187,109.1209,34.3857,2.0
1188,109.1208,34.3901,2.0
1189,109.1156,34.3855,3.0
1190,109.1156,34.3857,3.0
1191,108.94521599999999,34.31771,3.0
1192,108.9715,34.2294,2.0
1193,109.1156,34.3857,2.0
1194,109.1156,34.3857,2.0
1195,108.95267199999999,34.259267,3.0
1196,108.94565800000001,34.264227000000005,3.0
1197,108.96058000000001,34.26442,3.0
1198,108.96066100000002,34.262752,1.0
1199,108.97353400000001,34.260084,2.0
1200,108.960346,34.264406,2.0
1201,108.96041799999999,34.263779,2.0
1202,108.94566999999999,34.25923,3.0
1203,108.948356,34.263560999999996,3.0
1204,108.951195,34.259029,3.0
1205,108.955495,34.262329,
1206,108.95056299999999,34.276204,3.0
1207,108.94573600000001,34.258787,2.0
1208,108.94541100000001,34.258903000000004,2.0
1209,108.94982900000001,34.262326,3.0
1210,108.969802,34.259102,3.0
1211,108.984276,34.265509,2.0
1212,108.97429,34.259252000000004,2.0
1213,108.95364099999999,34.251989,1.0
1214,108.994853,34.24861,2.0
1215,108.956898,34.246012,2.0
1216,108.95106200000001,34.230357,2.0
1217,108.982242,34.252277,2.0
1218,108.92364599999999,34.246632,3.0
1219,108.91127900000001,34.241372999999996,2.0
1220,108.966426,34.247369,3.0
1221,108.98274099999999,34.247338,3.0
1222,108.991196,34.247214,2.0
1223,108.95856299999998,34.247708,2.0
1224,108.94246399999999,34.247499,2.0
1225,108.988072,34.26955,3.0
1226,108.969397,34.251901000000004,2.0
1227,108.96970300000001,34.254364,3.0
1228,108.969625,34.252704,3.0
1229,108.970358,34.252627000000004,2.0
1230,108.96996299999999,34.252047999999995,3.0
1231,108.95725700000001,34.247192,3.0
1232,108.963706,34.2434,2.0
1233,108.96041899999999,34.24924,2.0
1234,108.938804,34.230503000000006,2.0
1235,108.938976,34.24493,2.0
1236,108.945771,34.248542,3.0
1237,108.942678,34.255202000000004,3.0
1238,108.96090500000001,34.240536,3.0
1239,108.964083,34.249798999999996,2.0
1240,108.957199,34.243506,2.0
1241,108.9312,34.2306,2.0
1242,108.938483,34.250002,2.0
1243,108.933545,34.25165,2.0
1244,108.987873,34.259371,2.0
1245,108.93213600000001,34.247865000000004,2.0
1246,108.985619,34.265561,2.0
1247,108.93213600000001,34.247865000000004,2.0
1248,108.979247,34.236641,2.0
1249,108.97905300000001,34.250885,2.0
1250,108.98851699999999,34.269445000000005,3.0
1251,108.994447,34.260742,2.0
1252,108.994897,34.265377,3.0
1253,108.98853999999999,34.263659999999994,2.0
1254,108.994867,34.251005,2.0
1255,108.984407,34.263783000000004,2.0
1256,108.995447,34.259877,2.0
1257,108.936209,34.2368,3.0
1258,108.94673300000001,34.244699,2.0
1259,108.99485800000001,34.249368,2.0
1260,108.975406,34.259091999999995,2.0
1261,108.975155,34.257129,3.0
1262,108.994404,34.252128000000006,2.0
1263,108.95370700000001,34.24975,2.0
1264,108.947194,34.247688000000004,2.0
1265,108.994425,34.267672999999995,3.0
1266,108.95883400000001,34.236717999999996,3.0
1267,108.923129,34.249262,3.0
1268,108.93891799999999,34.242872999999996,2.0
1269,109.002753,34.255251,2.0
1270,108.99138400000001,34.257368,2.0
1271,108.971359,34.241859999999996,3.0
1272,108.985422,34.257397,2.0
1273,108.963148,34.241774,3.0
1274,108.953111,34.252351000000004,3.0
1275,108.98301399999998,34.265541999999996,3.0
1276,108.95655500000001,34.235577,3.0
1277,108.932088,34.246708,2.0
1278,108.98476200000002,34.247275,3.0
1279,108.96352900000001,34.238517,2.0
1280,108.996334,34.256923,2.0
1281,108.99443799999999,34.259407,2.0
1282,108.953623,34.250855,3.0
1283,108.951604,34.247572999999996,2.0
1284,108.96144199999999,34.241737,2.0
1285,108.93901299999999,34.249975,3.0
1286,108.985648,34.259315,2.0
1287,109.516566,34.465509000000004,2.0
1288,108.999703,34.256853,2.0
1289,108.985872,34.246279,3.0
1290,108.945412,34.256691,2.0
1291,108.943494,34.236484999999995,2.0
1292,108.926869,34.246625,2.0
1293,108.921149,34.247095,3.0
1294,108.916476,34.241207,2.0
1295,108.95802900000001,34.249863,1.0
1296,108.953061,34.249261,2.0
1297,108.94908799999999,34.241036,2.0
1298,108.91789399999999,34.240934,2.0
1299,108.95396299999999,34.247861,1.0
1300,108.917002,34.245315999999995,2.0
1301,109.00369099999999,34.262209000000006,3.0
1302,109.003593,34.263984,2.0
1303,109.00237800000001,34.270258,2.0
1304,108.951275,34.270828,2.0
1305,108.936608,34.263909999999996,3.0
1306,108.951816,34.27323,2.0
1307,108.94788600000001,34.276167,3.0
1308,108.942197,34.263686,3.0
1309,108.942241,34.263909,3.0
1310,108.950461,34.2709,3.0
1311,108.952505,34.270466,2.0
1312,108.939578,34.277687,2.0
1313,108.953906,34.297252,3.0
1314,108.94740300000001,34.284737,3.0
1315,108.94708700000001,34.288478000000005,2.0
1316,108.94761299999999,34.283881,2.0
1317,108.953575,34.286473,3.0
1318,108.949302,34.292586,2.0
1319,108.94540900000001,34.298869,2.0
1320,108.94688300000001,34.28007,2.0
1321,108.95368899999998,34.290058,2.0
1322,108.92326499999999,34.269073999999996,2.0
1323,108.923828,34.269189000000004,2.0
1324,108.910002,34.268096,3.0
1325,108.911644,34.253786,2.0
1326,108.91051999999999,34.253797,3.0
1327,108.90865900000001,34.269117,2.0
1328,108.921217,34.269184,2.0
1329,108.914914,34.269133000000004,2.0
1330,108.901551,34.269048,2.0
1331,108.943775,34.280332,2.0
1332,108.901131,34.264581,2.0
1333,108.91055,34.251142,2.0
1334,108.901338,34.247885,2.0
1335,108.90088899999999,34.250961,3.0
1336,108.90095,34.254487,2.0
1337,108.900939,34.251876,2.0
1338,108.89451799999999,34.266545,2.0
1339,108.894746,34.265365,2.0
1340,108.895052,34.259673,2.0
1341,108.922734,34.260244,2.0
1342,108.89443700000001,34.264159,2.0
1343,108.89657199999999,34.259539000000004,2.0
1344,108.894512,34.262785,3.0
1345,108.92308799999999,34.251049,3.0
1346,108.899049,34.251204,2.0
1347,108.912465,34.250646,2.0
1348,108.91122,34.250313,2.0
1349,108.9176,34.259413,3.0
1350,108.91938,34.259167,2.0
1351,108.89884599999999,34.259190999999994,2.0
1352,108.922306,34.262929,3.0
1353,108.91098999999998,34.259233,3.0
1354,108.920029,34.259428,2.0
1355,108.90596699999999,34.24944,2.0
1356,108.90113899999999,34.257238,2.0
1357,108.95361499999999,34.286501,2.0
1358,108.94853799999999,34.286419,2.0
1359,108.918128,34.273308,2.0
1360,108.89721599999999,34.292656,2.0
1361,108.959198,299082.0,2.0
1362,108.952611,34.292771,1.0
1363,108.901246,34.247925,3.0
1364,108.934949,34.280133,2.0
1365,108.909764,34.250265999999996,2.0
1366,108.89643899999999,34.245859,2.0
1367,108.921776,34.270108,2.0
1368,108.947565,34.278363,3.0
1369,108.94766100000001,34.282289,2.0
1370,108.953671,34.291191999999995,2.0
1371,108.897246,34.244539,2.0
1372,108.889261,34.257245000000005,2.0
1373,108.88930400000001,34.256802,2.0
1374,108.88877600000001,34.259513,2.0
1375,108.880678,34.265133,2.0
1376,108.89556499999999,34.260723999999996,2.0
1377,108.88191599999999,34.260133,3.0
1378,108.888198,34.269661,2.0
1379,108.87582900000001,34.259482,3.0
1380,108.8832,34.258171999999995,2.0
1381,108.879026,34.2521,3.0
1382,108.889255,34.258069,3.0
1383,108.890837,34.268914,2.0
1384,108.89418799999999,34.245865,2.0
1385,108.882698,34.264696,2.0
1386,108.882698,34.264696,2.0
1387,108.888337,34.269703,2.0
1388,108.88191100000002,34.292318,2.0
1389,108.883357,34.292203,2.0
1390,108.885792,34.292214,2.0
1391,108.87733600000001,34.292658,2.0
1392,108.877233,34.292859,2.0
1393,108.87936599999999,34.292289000000004,2.0
1394,108.86231699999999,34.264897999999995,2.0
1395,108.88565600000001,34.292254,2.0
1396,108.86148100000001,34.268999,2.0
1397,108.87948999999999,34.27046,2.0
1398,108.9543,34.279933,2.0
1399,108.9543,34.279933,3.0
1400,108.95615,34.270267,3.0
1401,108.95555800000001,34.270606,3.0
1402,108.95284199999999,34.270866,3.0
1403,108.95411599999998,34.270848,2.0
1404,108.96696499999999,34.269602,2.0
1405,108.96913899999998,34.278143,2.0
1406,108.956804,34.271149,2.0
1407,108.956203,34.271014,2.0
1408,108.96091000000001,34.268904,2.0
1409,108.956397,34.270532,2.0
1410,108.966445,34.270591,2.0
1411,108.96078100000001,34.268869,3.0
1412,108.96290900000001,34.27056,2.0
1413,108.96075,34.269383,3.0
1414,108.967199,34.270741,3.0
1415,108.96698300000001,34.275814,2.0
1416,108.97334199999999,34.274152,2.0
1417,108.96856499999998,34.273474,3.0
1418,108.976211,34.270551,3.0
1419,108.960071,34.268874,2.0
1420,108.960996,34.2697,3.0
1421,108.964257,34.270551,2.0
1422,108.973351,34.278054,2.0
1423,108.954249,34.277913,2.0
1424,108.973382,34.274664,2.0
1425,108.958729,34.277911,2.0
1426,108.961418,34.270608,
1427,108.971676,34.279961,2.0
1428,108.961024,34.279903000000004,2.0
1429,108.973155,34.276423,2.0
1430,108.96777800000001,34.271105,3.0
1431,108.967219,34.272934,2.0
1432,108.965677,34.270379999999996,3.0
1433,108.96091000000001,34.268904,
1434,108.988648,34.276581,2.0
1435,109.00223000000001,34.309746999999994,2.0
1436,108.98746299999999,34.277339000000005,2.0
1437,108.99528400000001,34.215663,2.0
1438,108.981448,34.286309,2.0
1439,108.98141100000001,34.286332,2.0
1440,108.97837700000001,34.267629,2.0
1441,108.99463100000001,34.269656,2.0
1442,108.985603,34.283413,3.0
1443,108.98366899999999,34.293999,2.0
1444,108.908754,34.206421,2.0
1445,109.00787,34.272926,2.0
1446,108.984874,34.275313,2.0
1447,108.986024,34.276029,2.0
1448,109.00119199999999,34.284544,2.0
1449,108.995921,34.294789,2.0
1450,108.992273,34.293416,2.0
1451,108.96700000000001,34.28647,2.0
1452,108.878019,34.284762,2.0
1453,109.00223799999999,34.283421000000004,2.0
1454,109.001826,34.278706,2.0
1455,109.009249,34.283072,3.0
1456,109.002555,34.287203000000005,2.0
1457,109.015993,34.265158,2.0
1458,109.003473,34.274058000000004,3.0
1459,109.01503600000001,34.249176,2.0
1460,109.036326,34.25592,2.0
1461,109.024428,34.256698,2.0
1462,109.01599099999999,34.289937,2.0
1463,109.02301100000001,34.275886,2.0
1464,109.08271,34.273590000000006,2.0
1465,109.024716,34.249573999999996,2.0
1466,109.020692,34.284754,2.0
1467,109.023568,34.257174,2.0
1468,109.02871,34.273590000000006,2.0
1469,109.023082,34.261559000000005,2.0
1470,109.00532700000001,34.265817,3.0
1471,109.00478999999999,34.257321999999995,2.0
1472,109.012607,34.274091999999996,2.0
1473,109.01033000000001,34.273653,2.0
1474,109.02028500000002,34.265785,2.0
1475,108.99505,34.268603999999996,2.0
1476,109.025323,34.264043,2.0
1477,109.002601,34.274264,2.0
1478,109.017248,34.275479,2.0
1479,109.00908600000001,34.286556,2.0
1480,109.0123,34.264790999999995,3.0
1481,109.0123,34.26444,2.0
1482,109.006826,34.264804999999996,2.0
1483,109.013403,34.263490000000004,2.0
1484,109.02273999999998,34.277273,2.0
1485,109.01657900000001,34.293201,2.0
1486,108.97893700000002,34.285886,2.0
1487,109.01633500000001,34.273037,3.0
1488,109.016625,34.274562,3.0
1489,109.1465,34.274434,2.0
1490,109.067748,34.288829,2.0
1491,109.076828,34.279184,3.0
1492,109.0733321,34.278923,3.0
1493,109.063673,34.272546000000006,2.0
1494,109.07036299999999,34.273309000000005,2.0
1495,109.07221799999999,34.260968,2.0
1496,109.056335,34.249973,2.0
1497,109.13255,34.312837,2.0
1498,109.071614,34.279084999999995,2.0
1499,109.07648300000001,34.27919,3.0
1500,109.071901,34.28089,2.0
1501,109.06484099999999,34.2611,2.0
1502,109.07584299999999,34.269908,2.0
1503,109.06428000000001,34.268158,2.0
1504,109.06392,34.28185,2.0
1505,108.96714399999999,34.315865,2.0
1506,108.960398,34.315917,2.0
1507,108.95443700000001,34.308601,2.0
1508,108.947639,34.30788,2.0
1509,108.93918400000001,34.307389,2.0
1510,108.953243,34.310165999999995,2.0
1511,108.943358,34.292861,2.0
1512,108.94746,34.297168,2.0
1513,108.953952,34.3149,2.0
1514,108.96766000000001,34.316085,2.0
1515,108.947278,34.308526,2.0
1516,108.949389,34.308549,2.0
1517,108.93096899999999,34.297112,2.0
1518,108.98159,34.313088,2.0
1519,108.969043,34.336368,2.0
1520,108.979173,34.389621000000005,2.0
1521,108.96696100000001,34.335632000000004,2.0
1522,108.96623500000001,34.313767999999996,2.0
1523,108.95258999999999,34.313831,2.0
1524,108.96496200000001,34.331278000000005,2.0
1525,108.97224399999999,34.319185,3.0
1526,108.961859,34.313590999999995,2.0
1527,108.972249,34.329283000000004,2.0
1528,108.953901,34.244125,3.0
1529,108.95350800000001,34.198996,3.0
1530,108.94342900000001,34.223517,2.0
1531,108.97985800000001,34.205121000000005,2.0
1532,108.95405900000002,34.235473,2.0
1533,108.932428,34.217484999999996,2.0
1534,108.82021999999999,34.204029999999996,2.0
1535,108.94653999999998,34.21062,2.0
1536,108.93275,34.22655,2.0
1537,108.96798000000001,34.223729999999996,2.0
1538,109.0228,34.2251,2.0
1539,108.979177,34.229310999999996,2.0
1540,108.93229,34.229420000000005,2.0
1541,108.931678,34.229159,2.0
1542,108.95296499999999,34.222577,2.0
1543,108.93848799999999,34.229785,2.0
1544,108.926024,34.211002,2.0
1545,108.925106,34.225817,2.0
1546,108.919983,34.224309000000005,2.0
1547,108.927705,34.223228999999996,2.0
1548,108.924342,34.212044,2.0
1549,108.927551,34.217527000000004,3.0
1550,108.907198,34.207376000000004,2.0
1551,108.928322,34.198364,2.0
1552,108.925618,34.202795,2.0
1553,108.963098,34.217438,2.0
1554,108.94459099999999,34.228714000000004,2.0
1555,108.99553799999998,34.243488,2.0
1556,108.9189,34.1987,2.0
1557,108.963125,34.226783000000005,2.0
1558,108.945223,34.216198999999996,3.0
1559,108.939842,34.22338,2.0
1560,108.933691,34.204251,2.0
1561,108.947055,34.235813,3.0
1562,108.939168,34.235589000000004,3.0
1563,108.943202,34.228971,2.0
1564,108.946022,34.228837,2.0
1565,108.92416200000001,34.223005,2.0
1566,108.922381,34.222493,2.0
1567,108.93446200000001,34.201999,2.0
1568,108.956273,34.228676,3.0
1569,108.943297,34.292817,2.0
1570,108.94507,34.292648,2.0
1571,108.882456,34.24493,
1572,108.89966000000001,34.243275,2.0
1573,108.90029799999999,34.230171,2.0
1574,108.916758,34.238463,2.0
1575,108.920625,34.236725,3.0
1576,108.924181,34.232188,2.0
1577,108.90351799999999,34.24433,2.0
1578,108.903127,34.243901,3.0
1579,108.905068,34.247567,2.0
1580,108.90231899999999,34.242647,3.0
1581,108.88811899999999,34.244138,3.0
1582,108.881803,34.183854,2.0
1583,108.882958,34.17955,2.0
1584,108.88226999999999,34.183890999999996,2.0
1585,108.88246799999999,34.183696999999995,2.0
1586,108.87625600000001,34.183738,2.0
1587,108.945349,34.317484,2.0
1588,108.945952,34.326637,3.0
1589,108.94496000000001,34.326417,3.0
1590,108.943968,34.318249,2.0
1591,108.932929,34.344573,2.0
1592,108.960274,34.320937,3.0
1593,108.97271299999998,34.229151,2.0
1594,108.963098,34.217438,2.0
1595,108.94708,34.20102,2.0
1596,108.98668700000002,34.231106,2.0
1597,109.002073,34.217842,2.0
1598,108.968965,34.210273,2.0
1599,108.97582,34.229396,2.0
1600,108.979177,34.229310999999996,2.0
1601,108.99004199999999,34.241206,3.0
1602,109.0034,34.2431,3.0
1603,109.008852,34.23117,2.0
1604,108.90953600000002,34.221995,3.0
1605,108.96712600000001,34.224992,3.0
1606,108.97008899999999,34.230115000000005,3.0
1607,108.95394399999999,34.169121999999994,2.0
1608,108.961919,34.173743,3.0
1609,108.952903,34.165991999999996,2.0
1610,108.92120600000001,34.270042,2.0
1611,108.916086,34.270233000000005,2.0
1612,108.93843400000002,34.294208000000005,3.0
1613,108.93141999999999,34.288084999999995,2.0
1614,108.909649,34.239763,2.0
1615,108.944971,34.293021,2.0
1616,108.931827,34.292372,2.0
1617,108.943501,34.292466999999995,2.0
1618,108.93461599999999,34.298548,3.0
1619,108.94249599999999,34.29514,2.0
1620,108.94316599999999,34.292812,2.0
1621,108.945027,34.292635,2.0
1622,108.942431,34.292697,2.0
1623,108.911644,34.253786,2.0
1624,108.91288700000001,34.26997,2.0
1625,108.921881,34.275094,2.0
1626,108.89808799999999,34.293134,2.0
1627,108.893499,34.292621999999994,2.0
1628,108.89343999999998,34.195285,2.0
1629,108.96346399999999,34.203808,2.0
